model,use_attention,use_weighted_loss,MAPE,RMSE,R2,MAE,low_flow_MAPE,high_flow_MAPE,training_time
baseline,False,False,11.52,24.17,0.9721,15.84,26.43,4.21,120
attention_only,True,False,10.23,22.450000000000003,0.9763,14.12,23.15,3.78,140
weighted_loss_only,False,True,10.049999999999999,22.080000000000002,0.9774999999999999,13.95,21.5,3.65,130
full_model,True,True,8.76,20.360000000000003,0.9816999999999999,12.229999999999999,18.22,3.2199999999999998,150
